{"_runtime":123,"val/precision":0.9755135506723989,"val/recall":0.9755609552828055,"final/test_f1":0.9781643584792412,"train/loss":0.03961458095311826,"_step":30,"final/train_accuracy":0.9919444444444444,"_timestamp":1.772554843652003e+09,"val/accuracy":0.9756666666666667,"train/accuracy":0.9915555555555555,"val/loss":0.08168207415470348,"final/test_accuracy":0.9783,"train/f1":0.9914806609174802,"final/val_f1":0.9771056110241529,"_wandb":{"runtime":123},"train/precision":0.9914610633607811,"epoch":30,"final/val_accuracy":0.9773333333333334,"train/recall":0.9915425037425638,"val/f1":0.9754115778270901,"final/train_f1":0.9919088419111631}