{"_timestamp":1.772554968744523e+09,"val/loss":0.08997234304263452,"final/train_f1":0.02020376906173004,"train/loss":0.08997622631333084,"val/f1":0.020197782439316754,"epoch":30,"final/train_accuracy":0.11237037037037037,"final/test_accuracy":0.1135,"final/test_f1":0.0203861697350696,"final/val_accuracy":0.11233333333333333,"val/accuracy":0.11233333333333333,"train/f1":0.02020376906173004,"_runtime":86,"val/precision":0.011233333333333333,"val/recall":0.1,"train/precision":0.011237037037037037,"_step":30,"train/recall":0.1,"_wandb":{"runtime":86},"final/val_f1":0.020197782439316754,"train/accuracy":0.11237037037037037}