{"_runtime":680,"final/val_f1":0.9570141407630934,"epoch":20,"val/accuracy":0.9548333333333333,"val/recall":0.954132462324421,"train/f1":0.9604542872377906,"_step":20,"_wandb":{"runtime":680},"val/f1":0.9543488329402063,"train/loss":0.1598623560040376,"train/precision":0.9610077245387174,"final/train_f1":0.9620752491652119,"final/val_accuracy":0.9575,"final/train_accuracy":0.9622962962962963,"val/loss":0.1671835615127762,"train/accuracy":0.9607037037037037,"final/test_accuracy":0.9605,"train/recall":0.9602343135777186,"val/precision":0.95502719253485,"_timestamp":1.772717020409701e+09,"final/test_f1":0.9601650357082414}