{"val/recall":0.9676026851306062,"_runtime":1670,"final/test_accuracy":0.9682,"train/loss":0.005754505826591502,"val/accuracy":0.9676666666666667,"_step":30,"final/train_accuracy":0.9741111111111111,"train/recall":0.9740348590486727,"final/val_f1":0.9675154505810062,"_timestamp":1.772721521109389e+09,"final/val_accuracy":0.9676666666666667,"train/accuracy":0.9741111111111111,"final/train_f1":0.9739938481682007,"val/f1":0.9675154505810062,"_wandb":{"runtime":1670},"val/loss":0.006540396431310591,"train/f1":0.9739938481682007,"final/test_f1":0.9680184928246984,"val/precision":0.9675461725246765,"train/precision":0.9739908844809945,"epoch":30}