{"train/precision":0.9940194783263936,"val/precision":0.9749827665692173,"_runtime":65,"final/test_f1":0.9786403893365995,"final/val_accuracy":0.9756666666666667,"final/train_accuracy":0.9935,"train/accuracy":0.9939814814814815,"val/f1":0.9748569211930583,"_step":20,"final/train_f1":0.9934513869817344,"val/accuracy":0.975,"_timestamp":1.772547244963019e+09,"val/recall":0.9747913415064877,"final/test_accuracy":0.9788,"epoch":20,"val/loss":0.08225723641686211,"_wandb":{"runtime":65},"train/loss":0.025824714219694126,"train/f1":0.9939442898635296,"train/recall":0.9938989598253046,"final/val_f1":0.9754917408037491}