{"train/recall":0.9596998514031775,"final/val_f1":0.9549582984436039,"train/f1":0.9597590772075874,"final/test_f1":0.9545602924454502,"epoch":10,"train/precision":0.9599722720643434,"_wandb":{"runtime":382},"_step":10,"_runtime":382,"final/train_accuracy":0.9601111111111111,"final/test_accuracy":0.9551,"val/loss":0.17575594524895002,"train/loss":0.17437071251046182,"val/precision":0.9552486670438294,"val/f1":0.9549582984436039,"final/train_f1":0.9597590772075874,"_timestamp":1.7727163194770281e+09,"val/accuracy":0.9553333333333334,"val/recall":0.9549672477848643,"train/accuracy":0.9601111111111111,"final/val_accuracy":0.9553333333333334}