{"_wandb":{"runtime":290},"final/test_f1":0.8487965757734969,"val/loss":0.5419558376022092,"val/accuracy":0.8505,"val/f1":0.8477806356751184,"train/precision":0.8471929133184704,"final/train_accuracy":0.8482037037037037,"final/val_accuracy":0.8505,"_timestamp":1.772717550709972e+09,"train/recall":0.8454977457005203,"train/loss":0.5567596775202522,"val/recall":0.8477711074613312,"val/precision":0.8492729847066853,"epoch":10,"final/test_accuracy":0.8519,"_runtime":290,"train/f1":0.8455211443280479,"_step":10,"train/accuracy":0.8482037037037037,"final/val_f1":0.8477806356751184,"final/train_f1":0.8455211443280479}