{"train/precision":0.9944455680510609,"val/recall":0.9721931957251388,"final/test_f1":0.9767336098970694,"epoch":30,"final/train_f1":0.9958537009754623,"val/precision":0.9721310910529759,"final/train_accuracy":0.9958703703703704,"final/test_accuracy":0.977,"_runtime":2250,"_step":30,"final/val_accuracy":0.9746666666666667,"_wandb":{"runtime":2250},"train/accuracy":0.994462962962963,"train/f1":0.994430105255514,"final/val_f1":0.9744417937078129,"val/accuracy":0.9723333333333334,"val/f1":0.9720510713156738,"_timestamp":1.772719820898767e+09,"val/loss":0.11160424741759686,"train/recall":0.9944577669382362,"train/loss":0.020444624765056207}