{"val/accuracy":0.11233333333333333,"_runtime":905,"val/loss":2.3011616651752904,"epoch":10,"train/precision":0.011237037037037037,"final/val_f1":0.020197782439316754,"_step":10,"val/recall":0.1,"train/loss":2.301188008120822,"final/test_accuracy":0.1135,"train/f1":0.02020376906173004,"final/val_accuracy":0.11233333333333333,"final/train_f1":0.02020376906173004,"train/recall":0.1,"_timestamp":1.7727224509925199e+09,"val/precision":0.011233333333333333,"val/f1":0.020197782439316754,"final/train_accuracy":0.11237037037037037,"train/accuracy":0.11237037037037037,"final/test_f1":0.0203861697350696,"_wandb":{"runtime":905}}