{"_runtime":197,"val/f1":0.9022274807974873,"final/val_f1":0.9022274807974873,"val/precision":0.9034370496506975,"val/accuracy":0.9038333333333334,"_wandb":{"runtime":197},"train/recall":0.9076753142416376,"final/train_accuracy":0.9087777777777778,"final/val_accuracy":0.9038333333333334,"_step":10,"epoch":10,"train/loss":0.01745374454948527,"train/accuracy":0.9087777777777778,"val/recall":0.902445386104169,"_timestamp":1.772717248100657e+09,"val/loss":0.017648132334951133,"final/test_f1":0.9092103388961819,"train/f1":0.907459464488098,"final/train_f1":0.907459464488098,"train/precision":0.9082426907574572,"final/test_accuracy":0.9107}