{"final/test_accuracy":0.9059,"val/accuracy":0.8998333333333334,"val/loss":0.32971488428277695,"train/accuracy":0.9080185185185186,"final/train_f1":0.9067425756623825,"final/train_accuracy":0.9080185185185186,"_step":10,"_timestamp":1.77255487030777e+09,"_runtime":15,"train/loss":0.33771644098886,"final/val_f1":0.8984539524304307,"val/recall":0.8985848192655219,"final/val_accuracy":0.8998333333333334,"final/test_f1":0.9041513944246672,"val/precision":0.8987080810444945,"val/f1":0.8984539524304307,"train/recall":0.9069131827115585,"_wandb":{"runtime":15},"train/f1":0.9067425756623825,"train/precision":0.9067662830550012,"epoch":10}