{"val/recall":0.9634849415272653,"_runtime":1539,"final/test_f1":0.9690356267978393,"train/precision":0.9783385175797654,"train/accuracy":0.9781481481481481,"val/f1":0.9637128881893785,"val/loss":0.13019456644441169,"_step":30,"final/train_f1":0.9783644085393322,"epoch":30,"final/train_accuracy":0.9784814814814815,"final/val_accuracy":0.9658333333333333,"_timestamp":1.772724019772542e+09,"_wandb":{"runtime":1539},"train/loss":0.09663847494811982,"val/accuracy":0.9638333333333333,"val/precision":0.9642021533354599,"final/test_accuracy":0.9693,"final/val_f1":0.9656224381874597,"train/recall":0.9779579948989119,"train/f1":0.97809294786474}