{
  "dataset": "fashion_mnist",
  "epochs": 20,
  "batch_size": 128,
  "loss": "cross_entropy",
  "optimizer": "adam",
  "learning_rate": 0.001,
  "weight_decay": 0.0005,
  "num_layers": 3,
  "hidden_size": [
    128,
    128,
    64
  ],
  "activation": "relu",
  "weight_init": "xavier",
  "seed": 42,
  "model_path": "models/fashion_cfg1.npy",
  "metrics": {
    "train": {
      "loss": 0.2438707318744523,
      "accuracy": 0.9119814814814815,
      "precision": 0.9115297159994997,
      "recall": 0.9119814814814815,
      "f1": 0.9114355797491103
    },
    "val": {
      "loss": 0.28608881657990365,
      "accuracy": 0.8953333333333333,
      "precision": 0.8957758572176555,
      "recall": 0.8953333333333333,
      "f1": 0.8951330717202428
    },
    "test": {
      "loss": 0.3254063134977807,
      "accuracy": 0.8806,
      "precision": 0.8802754210078957,
      "recall": 0.8805999999999999,
      "f1": 0.8800981967863205
    }
  }
}